,Average Service rating,Average Food rating,Average Environment rating,Average Experience rating,Average Options rating
05_28_2021,4.444444444444445,4.1923076923076925,4.555555555555555,4.333333333333333,4.222222222222222
All Time,4.514705882352941,4.2835820895522385,4.602941176470588,4.397058823529412,4.3088235294117645
